t,port,msg
2.011455774307251,o_extern_gen,Job:: 1
4.015483379364014,o_extern_gen,Job:: 2
4.015483379364014,o_extern_gen,Job:: -1_csv
4.015483379364014,o_extern_gen,Job:: -1
6.0036680698394775,o_extern_proc,Job:: 1
6.004634857177734,o_extern_gen,Job:: 3
6.004634857177734,o_extern_gen,Job:: -2
8.01294207572937,o_extern_gen,Job:: 4
8.01294207572937,o_extern_gen,Job:: -2_csv
10.01301908493042,o_extern_gen,Job:: 5
10.01401972770691,o_extern_gen,Job:: -3_csv
10.01401972770691,o_extern_gen,Job:: -3
12.008435010910034,o_extern_proc,Job:: 3
12.008435010910034,o_extern_gen,Job:: 6
14.014714479446411,o_extern_gen,Job:: 7
14.014714479446411,o_extern_gen,Job:: -4_csv
14.014714479446411,o_extern_gen,Job:: -4
16.0102641582489,o_extern_gen,Job:: 8
16.011170864105225,o_extern_gen,Job:: -5_csv
16.011170864105225,o_extern_gen,Job:: -5
18.002914667129517,o_extern_proc,Job:: 6
18.002914667129517,o_extern_gen,Job:: 9
20.006149291992188,o_extern_gen,Job:: 10
20.006149291992188,o_extern_gen,Job:: -6
20.006149291992188,o_extern_gen,Job:: -6_csv
22.01274347305298,o_extern_gen,Job:: 11
22.01274347305298,o_extern_gen,Job:: -7
22.01274347305298,o_extern_gen,Job:: -7_csv
24.00597643852234,o_extern_proc,Job:: 9
24.00597643852234,o_extern_gen,Job:: 12
24.00597643852234,o_extern_gen,Job:: -8
26.00346088409424,o_extern_gen,Job:: 13
26.00346088409424,o_extern_gen,Job:: -8_csv
28.013100385665894,o_extern_gen,Job:: 14
28.013100385665894,o_extern_gen,Job:: -9
28.013100385665894,o_extern_gen,Job:: -9_csv
30.007229804992676,o_extern_proc,Job:: 12
30.007229804992676,o_extern_gen,Job:: 15
30.007229804992676,o_extern_gen,Job:: -10
